http://it.wikipedia.org/wiki/Campioni_italiani_assoluti_di_atletica_leggera_-_Salti_in_elevazione_maschili		Salto in alto	2	Prestazione	1,715 m___1,645 m___1,70 m___1,72 m___1,77 m___1,75 m___1,80 m___1,80 m___1,80 m___1,80 m___1,75 m___1,75 m___1,75 m___15 p.___1,82 m___1,85 m___1,85 m___1,85 m___1,88 m___1,85 m___1,92 m___1,90 m___1,90 m___1,91 m___1,93 m___1,90 m___1,85 m___1,90 m___1,85 m___1,85 m___1,85 m___1,83 m___1,81 m___1,84 m___1,90 m___1,94 m___1,91 m___1,94 m___1,97 m___1,97 m___1,98 m___1,98 m___2,00 m___1,95 m___2,00 m___2,00 m___2,08 m___2,08 m___2,09 m___2,16 m___2,13 m___2,15 m___2,16 m___2,14 m___2,17 m___2,20 m___2,22 m___2,21 m___2,26 m___2,24 m___2,26 m___2,27 m___2,21 m___2,21 m___2,24 m___2,24 m___2,24 m___2,24 m___2,19 m___2,15 m___2,24 m___2,25 m___2,22 m___2,25 m___2,22 m___2,25 m___2,25 m___2,16 m___2,19 m___2,22 m___2,25 m___2,25 m___2,28 m___2,31 m___2,28 m___2,25 m___2,26 m___2,25 m___2,28 m___2,28 m___2,28 m___2,31 m___2,27 m"	"1,715 m___1,645 m___15 p."	0.032258065	2
http://it.wikipedia.org/wiki/Nascita_della_Repubblica_Italiana		Convocazione e risultati del referendum istituzionale	1	Repubblica	803 191___412 666___633 821___681 900___422 557___404 719___304 472___192 123___648 137___403 424___339 858___880 463___646 214___487 039___456 005___338 039___499 566___336 641___711 260___286 291___103 900___241 973___153 978___320 405___147 376___108 289___338 959___329 874___379 831___206 192___12 718 641	12 718 641	0.032258065	0
http://de.wikipedia.org/wiki/Swiss_Athletics		Schweizer Rekorde	4	Datum	14.08.1988___19.09.1990___21.08.1987___13.09.1989___08.08.1998___01.07.1998___11.07.1986___07.07.1999___05.06.1996___13.08.1994___31.03.2002___17.04.1994___13.10.2002___06.10.1996___02.04.1989___19.04.1999___10.06.2006___03.07.2011___29.08.1991___02.06.2013___08.03.2009___01.09.1995___17.07.2013___20.08.2011___24.09.2011___14.08.1988___06.06.1976___21.07.2011___23.07.2011___15./16.06.1985___18.08.2013___22.08.1993	15./16.06.1985	0.03125	2
http://en.wikipedia.org/wiki/World_Artistic_Gymnastics_Championships_%E2%80%93_Men%27s_team_all-around		Medalists	0	Year	1905___1907___1909___1911___1913___1922___1926___1930___1934___1938___1950___1954___1958___1962___1966___1970___1974___1978___1979___1981___1983___1985___1987___1989___1991___1994 (Team)___1995___1997___1999___2001___2003___2006___2007___2010___2011	1994 (Team)	0.028571429	2
http://fr.wikipedia.org/wiki/Ligue_Europa_2012-2013		Tours de qualification	3	Retour	1 - 2___0 - 0___0 - 1___1 - 1___0 - 2___4 - 0___4 - 0___1 - 3___0 - 0___3 - 0___0 - 1___0 - 5___1 - 2___1 - 5___4 - 4___3 - 0___1 - 1___0 - 2___1 - 0___3 - 2___1 - 1___0 - 4___0 - 4___1 - 0___1 - 1___2 - 0___0 - 0___2 - 1___1 - 6___3 - 0___0 - 2___1 - 2ap___0 - 4___2 - 3___1 - 2___1 - 2	1 - 2ap	0.027777778	2
http://es.wikipedia.org/wiki/Castillo_de_Warwick		Condes de Warwick	0	Per??odo	1119-1153___1153-1184___1184-1203___1203-1229___1229-1242___1242-1263___1263-1268___1268-1298___1298-1315___1329-1369___1369-1401___1401-1439___1439-1446___1446-1449___1449-1471___1472-1478___1478-1499___1499-1547___1547-1553___1553-1554___1561-1590___1590-1604___1604-1628___1618-1619___1619-1658___1621-1628___1658-1659___1659-1673___1673-1675___1675-1701___1701-1721___1721-1759___1759-1773___1773-1816___1816-1853___1853-1893___1893-1924___1924-1928___1928-1984___1984-1996___1996-	1996-	0.024390244	1
http://it.wikipedia.org/wiki/Coppa_UEFA_2000-2001		Turno preliminare	3	Andata	1 - 5___1 - 0___2 - 0___4 - 1___0 - 2___8 - 0___1 - 2___2 - 3___5 - 1___1 - 0___2 - 0___2 - 3___0 - 7___2 - 1___0 - 4___3 - 0___2 - 3___3 - 0___0 - 3___0 - 0___0 - 0___0 - 0___0 - 2___2 - 1___1 - 2___0 - 2___1 - 1___1 - 1___2 - 0___2 - 1___2 - 3___1 - 0___4 - 1___0 - 3___0 - 3___2 - 0___0 - 10___1 - 0___3 - 2___3 - 0	0 - 10	0.025	0
http://en.wikipedia.org/wiki/2013_STP_Gas_Booster_500		Results	5	Time	19. 251___19.266___19.269___19.286___19.286___19.307___19.319___19.330___19.330___19.333___19.334___19.352___19.366___19.378___19.393___19.399___19.419___19.430___19.433___19.435___19.438___19.445___19.462___19.472___19.478___19.487___19.512___19.523___19.532___19.541___19.542___19.546___19.556___19.571___19.587___19.591___19.603___19.625___19.628___19.642___19.672___19.824	19. 251	0.023809524	0
http://fr.wikipedia.org/wiki/Beretta_92F		Mod??les	2	Longueur (mm)	217___217___217___217___217___217___217___211___211___211___217___217___211___211___211___217___217___217-242___217___217___217___217___197___197___197___197___197___197___217___197___217___211___217___217___217___217___217___211___211___211___211___211___211___217___217___217___197	217-242	0.021276596	2
http://zh.wikipedia.org/zh-tw/%E7%9A%86%E5%A4%A7%E6%AD%A1%E5%96%9C_(%E6%99%82%E8%A3%9D%E9%9B%BB%E8%A6%96%E5%8A%87)		????????????	0	??????	402___403___404___405___406___407___408___409___410___411___412___413___414___415___416___417___418___419___420___421___422___423___424___425___426___427___428___429___430___431___432___433___434___435___436___437___438___439___440___441___442___[1] 443	[1] 443	0.023809524	2
http://en.wikipedia.org/wiki/Cooper_River_Bridge_Run		Past winners	3	Time (m:s)	32:55___31:26___30:54___30:28___29:28___29:25___29:28___29:29___30:19___29:56___29:48___29:20___29:38___28:24___28:31___28:35___27:49___28:32___27:57___29:58___28:40___27:40___28:45___28:06___28:57___28:13___29:30___28:16___28:35___28:46.8___28:24___27:49___28:59	28:46.8	0.03030303	2
http://en.wikipedia.org/wiki/Ohio%27s_6th_congressional_district		Recent election results	0	Year	1922___1924___1926___1928___1930___1932___1936___1938___1940___1942___1944___1946___1948___1950___1952___1954___1956___1958___1960___1960 s___1962___1964___1966___1968___1970___1972___1974___1976___1978___1980___1982___1984___1988___1990___1992___1994___1996___1998___2002___2006___2012	1960 s	0.024390244	2
http://eo.wikipedia.org/wiki/Super_Bowl		Listo de de venkintoj de Super Bowl	1	Dato	16-an de januaro 1972___14-an de januaro 1973___13-an de januaro 1974___12-an de januaro 1975___18-an de januaro 1976___9-an de januaro 1977___15-an de januaro 1978___21-an de januaro 1979___20-an de januaro 1980___25-an de januaro 1981___24-an de januaro 1982___30-an de januaro 1983___22-an de januaro 1984___20-an de januaro 1985___26-an de januaro 1986___25-an de januaro 1987___31-an de januaro 1988___22-an de januaro 1989___28-an de januaro 1990___27-an de januaro 1991___26-an de januaro 1992___31-an de januaro 1993___30-an de januaro 1994___29-an de januaro 1995___28-an de januaro 1996___26-an de januaro 1997___25-an de januaro 1998___31-an de januaro 1999___30-an de januaro 2000___28-an de januaro 2001___3-an de februaro 2002___26-an de januaro 2003___1-an de februaro 2004___6-an de februaro 2005___5-an de februaro 2006___4-an de februaro 2007___3-an de februaro 2008___1-an de februaro 2009___7-an de februaro 2010___6-an de februaro 2011___5-an de februaro 2012	9-an de januaro 1977	0.024390244	0
http://sv.wikipedia.org/wiki/Lista_%C3%B6ver_skulpturer_i_Eksj%C3%B6_kommun			2	??rtal	1984___1985___1972___1984___1960___1999___1980___1980______1974___1996___1960-tal___1931___1929______1976___1974___1984___1986______1989___1977___1978___1980___1983___2001___1999___1984___1985___1965____________1971___1988___1968___1955	1960-tal	0.032258065	2
http://fr.wikipedia.org/wiki/Championnat_du_monde_de_formule_1_1952		Principaux engag??s	4	Pneus	D___E___D___D___D___D___P F E___P___P___E___D___D___E___E___D___D___E___D___P___E___P___D___D___D___D___D___?___?___?___?___?___?___?___?___?___?___?___?___?___?___?___D___P___P___P	P F E	0.022222222	2
http://fr.wikipedia.org/wiki/Liste_des_joueurs_du_KSK_Tongres	Joueurs du KSK Tongres dont le nom commence par B	B	3	Date de naissance	5/08/1969___28/04/1955___4/01/1973___18/12/1974___28/09/1967___8/03/1992___30/01/1964___12/07/1990___27/08/1957___7/01/1971___15/03/1982___13/01/1957___27/03/1959___4/08/1966___14/01/1963___8/06/1985___19/01/1959___4/05/1945___14/10/1983___14/11/1959___13/01/1982___25/08/1984___19/01/1962___1/08/1979___26/02/1964___3/03/1955___30/01/1987___6/10/1964___7/11/1980___18/09/1979___31/03/1964___19/04/1939___?___12/01/1946___29/05/1986	?	0.028571429	1
http://www.pageinsider.com/hr.wikipedia.org		Sub domains:	2	% of PageViews	10.3%___8.1%___5.7%___3.5%___3.5%___2.9%___1.6%___1.5%___1.5%___1.1%___0.7%___0.7%___0.6%___0.5%___0.5%___0.4%___0.3%___0.3%___0.2%___0.2%___0.2%___0.2%___0.1%___0.1%___0.1%___0.1%___0.1%___0.1%___0.1%___0.1%___0.1%___0.1%___0.1%___0.0%___0.0%___0.0%___0.0%___0.4%	10.30%	0.026315789	0
http://zh.wikipedia.org/zh-hk/Microsoft_Silverlight		????????????	1	????????????	1.0.20816___1.1.20926.0___1.0.21115.0___1.0.30109.0___2.0.30226.2___1.0.30401.0___2.0.30523.6___1.0.30715.0___2.0.30523.9___2.0.31005.0___2.0.40115.0___3.0.40307.0___3.0.40624.0___3.0.40723.0___3.0.40818.0___4.0.41108.0___3.0.50106.0___4.0.50303.0___4.0.50401.0___4.0.50524.0___3.0.50611.0___4.0.50826.0___4.0.50917.0___4.0.60129.0___4.0.60310.0___4.0.60531.0___4.0.60831.0___5.0.60401.0___5.0.60818.0___5.0.61118.0___4.1.10111.0___4.1.10329.0___5.1.10411.0___5.1.20125.0___5.1.20513.0	1.0.20816	0.028571429	0
http://pl.wikipedia.org/wiki/Tour_de_Suisse		Zwyci??zcy	4	Km	1 475___1 661___1 657___1 468___1 683___1 724___606___1 176___1 844___1 612___1 412___1 874___1 829___1 882___1 608___1 762___1 477___1 648___1 645___1 567___1 511___1 317___1 278___1 357___1 273___1 237___1 264___1 307___1 476___1 200___1 375___1 501___1 629___1 319___1 457___1 288___1 559___1 629___1 456___1 582___1 562___1 622___1 670___1 627___1 673___1 808___1 626___1 571___1 802___1 699___1 793___1 846___1 859___1 921___1 796___1 724___1 606___1 619___1 645___1 512___1 504___1 508___1 358___1 413___1 442___1 428___1 440___1 355___1 459___1 255___1 409___1 355___1 353___1 245___1 398,6"	"606___1 398,6"	0.026666667	1
http://en.wikipedia.org/wiki/List_of_World_War_II_ships		G	3	Displacement (tons)	8,000___7,800___1,090___1,620___1,335___1,525 surfaced___4,100___6,100___6,100___3,150___7,600___9,450___1,630___1,620___5,200___26,140___9,195___4,965___1,050___1,630___1,630___7,600___22,500___13,200___9,400___32,000___1,250___1,250___1,435___1,150___11,900___12,100___23,200___1,630___1,500___1,290___1,590___1,975___2,085___27,500___2,020___1,630"	"1,525 surfaced"	0.023809524	2
http://en.wikipedia.org/wiki/2013_in_paleontology		Molluscs	2	Status	Valid___Valid___Valid___Valid___In press___Valid___Valid___Valid___Valid___Valid___Valid___Valid___Valid___Valid___Valid___Valid___Valid___Valid___Valid___Valid___Valid___Valid___Valid___Valid___Valid___Valid___Valid___Valid___Valid___Valid___Valid___Valid___Valid___Valid___Valid___Valid___Valid___Valid___Valid___Valid___Valid	In press	0.024390244	2
http://fr.wikipedia.org/wiki/Western_Province_(rugby)		Palmar??s	0	Saison	1892___1894___1895___1897___1898___1904___1906___1908___1914___1920___1925___1927___1929___1932___1934___1936___1939___1946___1947___1950___1954___1957/59___1969___1976___1979___1980___1982___1983___1984___1985___1986___1988___1989___1995___1997___1998___2000___2001	1957/59	0.026315789	2
http://en.wikipedia.org/wiki/2008%E2%80%9309_Huddersfield_Town_F.C._season		Appearances & goals	6	FA Cup Apps	1___1___1___1___0___0___0 (1)___0___1___0___1___0___1___1___1___0___0___0___0___0___0___0___0___0___1___0___0___0___0___0___0	0 (1)	0.032258065	2
http://nl.wikipedia.org/wiki/UEFA_Cup_2003/04		Voorronde	4	2de wed	0 - 4___2 - 3___4 - 1___3 - 1___2 - 1___2 - 0___2 - 0___1 - 1___0 - 2___1 - 1___3 - 1___0 - 3___3 - 0___0 - 2___0 - 0___0 - 7___2 - 0___4 - 0___3 - 0___2 - 2___2 - 2___0 - 1___0 - 5___4 - 1___1 - 3___0 - 3___5 - 0___1 - 1___3 - 0___3 - 2___1 - 2 (n.v.)___0 - 1___0 - 1___4 - 0___0 - 2___3 - 2___2 - 0___2 - 0___1 - 0___0 - 6	1 - 2 (n.v.)	0.025	2
http://fr.wikipedia.org/wiki/Ant%C3%B3nio_Jos%C3%A9_Concei%C3%A7%C3%A3o_Oliveira		S??lections	5	Minutes	90'___90'___90'___90'___90'___90'___90'___90'___90'___90'___90'___90'___90'___90'___77'___45'___45'___90'___49'___90'___90'___90'___90'___90'___90'___45'___80'___85'___90'___90'___11' 90'___90'	11' 90'	0.03125	2
http://pt.wikipedia.org/wiki/Referendo_constitucional_de_2008_na_Irlanda		Referendo	4	A favor (%)	22,346 (45%)___20,982 (52%)___18,177 (43%)___12,440 (36%)___16,253 (46%)___22,112 (45%)___14,235 (44%)___9,006 (35%)___10,174 (37%)___12,328 (44%)___12,577 (40%)___22,696 (51%)___15,772 (51%)___12,917 (43%)___12,577 (40%)___32,190 (63%)___16,410 (39%)___17,111 (62%)___12,601 (35%)___13,573 (48%)___31,524 (64%)___18,728 (47%)___19,643 (46%)___11,306 (41%)___11,569 (43%)___20,045 (55%)___13,470 (49%)___31,786 (56%)___18,085 (46%)___13,318 (45%)___19,371 (46%)___18,586 (42%)___18,624 (38%)___17,340 (51%)___14,442 (45%)___15,429 (47%)___12,602 (44%)___16,235 (50%)___13,853 (47%)___17,502 (46%)___23,371 (44%)___25,936 (50%)"	"9,006 (35%)"	0.023809524	0
http://fr.wikipedia.org/wiki/Munition		Classification	3	vitesse	495 m/s___245 m/s___430 m/s___496 m/s___442 m/s___377 m/s___332 m/s___411 m/s___305 m/s___390 m/s___288 m/s___275 m/s___315 m/s___420 m/s___458 m/s___350 m/s___420 m/s___360 m/s___306 m/s___396,5 m/s___381 m/s___360 m/s___306 m/s___242 m/s___419 m/s___383 m/s___237 m/s___297 m/s___258 m/s___548 m/s___427 m/s___549 m/s"	"396,5 m/s"	0.03125	2
http://pl.wikipedia.org/wiki/Polonia_Gda%C5%84sk		Klub w rozgrywkach ligowych	3	Punkty	32___33___35___?___39___28___32___34___38___28___27___32___31___38___29___35___32___41___49___37___34___35___44___39___58___29___57___48___54___58___44___34	?	0.03125	1
http://no.wikipedia.org/wiki/Liste_over_h%C3%B8yadelstitler_i_England		Baroner og baronesser	1	Opprettet	1283; 1295; 1448___1295___1295___1299___1299___1308___1313___1318___1321___1331___1375___1383___1397___1432___1440___1447___1455___1461___1491___1523___1529___1529___1544___1559___1597___1603___1615___1616___1628___1640___1643___1665___1672___1698	1283; 1295; 1448	0.029411765	2
http://en.wikipedia.org/wiki/1939_Tour_de_France		Results	3	Time	+57' 23""___+1h 02' 05""___+1h 06' 24""___+1h 10' 01""___+1h 10' 22""___+1h 13' 33""___+1h 19' 07""___+1h 23' 53""___+1h 24' 48""___+1h 26' 59""___+1h 28' 59""___+1h 35' 24""___+1h 46' 01""___+1h 47' 47""___+2h 04' 42""___+2h 15' 24""___+2h 15' 34""___+2h 16' 5"	"+57' 23"""	0.026315789	0
http://ja.wikipedia.org/wiki/KBS%E5%85%A8%E5%B7%9E%E6%94%BE%E9%80%81%E7%B7%8F%E5%B1%80		?€??????€???????????€??€???	1	???????????????	K-32ch___K-32ch___K-47ch___K-26ch___K-32ch___K-58ch___K-24ch___K-20ch___K-22ch___K-55ch___K-53ch___K-12ch___K-12ch___K-12ch___K-20ch___K-12ch___K-11ch___K-26ch___K-42ch___K-25ch___K-48ch___K-20ch___-___K-19ch___K-26ch___K-20ch___K-55ch___K-43ch___K-29ch___K-38ch___K-26ch___K-5ch___K-49ch___K-32ch___K-44ch___K-34ch___K-40ch___K-32ch	K-5ch	0.027027027	0
http://en.wikipedia.org/wiki/Twin_Cities_Marathon	Women's race	Winners	3	Time (h:m:s)	2:36:22___2:34:50___2:35:47___2:32:11___2:30:11___2:28:11___2:31:42___2:29:22___2:30:31___2:36:50___2:33:38___2:34:04___2:32:58___2:27:59___2:30:43___2:32:06___2:37:56___2:29:37___2:26:51 CR___2:29:39___2:30:41___2:26:53___2:40:21___2:32:15___2:34:09___2:32:28___2:31:49___2:27:23___2:27:23___2:32:37___2:30:52	2:26:51 CR	0.032258065	2
http://nl.wikipedia.org/wiki/Waterpop		Edities	3	Bezoekers	5.000___7.000___7.000___10.000___16.000___20.000___23.000___22.000___23.000___26.000___20.000___23.000___25.000___25.000___25.000___23.000___26.000___26.000___24.000___25.000___30.000___25.000___22.000___25.000 bezoekers___20.000___23.000___23.000___35.500___22.500___24.000___24.000___19.000___28.000	25.000 bezoekers	0.03030303	2
http://en.wikipedia.org/wiki/Shooting_at_the_1976_Summer_Olympics_%E2%80%93_Trap		Results	3	Score	189___189___186___185___183___183___182___182___181___181___181___181___180___179___178___178___177___177___177___175___175___175___175___173___173___173___169___168___168___167___166___162___160___159___159___158___156___153___152___150___141___71 (5 rounds)	71 (5 rounds)	0.023809524	2
http://en.wikipedia.org/wiki/List_of_asteroids/36201%E2%80%9336300			0	Name	36202 -___36203 -___36204 -___36205 -___36206 -___36207 -___36208 -___36209 -___36210 -___36211 -___36212 -___36213 -___36214 -___36215 -___36216 -___36217 -___36218 -___36219 -___36220 -___36221 -___36222 -___36223 -___36224 -___36225 -___36226 Mackerras___36227 -___36228 -___36229 -___36230 -___36231 -___36232 -___36233 -___36234 -___36235 Sergebaudo___36236 -___36237 -___36238 -___36239 -___36240 -___36241 -___36242___36243 -___36244 -___36245 -___36246 -___36247 -___36248 -___36249 -___36250 -___36251 -___36252 -___36253 -___36254 -___36255 -___36256 -___36257 -___36258 -___36259 -___36260 -___36261 -___36262 -___36263 -___36264 -___36265 -___36266 -___36267 -___36268 -___36269 -___36270 -___36271 -___36272 -___36273 -___36274 -___36275 -___36276 -___36277 -___36278 -___36279 -___36280 -___36281 -___36282 -___36283 -___36284 -___36285 -___36286 -___36287 -___36288 -___36289 -___36290 -___36291 -___36292 -___36293 -___36294 -___36295 -___36296 -___36297 -___36298 -___36299 -___36300 -	36226 Mackerras___36235 Sergebaudo___36242	0.03030303	2
http://ja.wikipedia.org/wiki/%E6%B1%9F%E6%88%B8%E3%81%AE%E6%97%8B%E9%A2%A8		???????????????	1	????€????	1977/04/14___1977/04/21___1977/04/28___1977/05/05___1977/05/12___1977/06/16___1977/06/23___1977/06/30___1977/07/07___1977/07/21___1977/07/28___1977/08/11___1977/08/25___1977/09/01___1977/09/08___1977/09/15___1977/09/29___1977/10/06___1977/10/13___1977/10/20___1977/11/3___1977/11/17___1977/11/24___1977/12/01___1977/12/15___1977/12/22___1977/12/29___1978/01/05___1978/01/12___1978/01/19___1978/01/26___1978/02/02___1978/02/09___1978/02/16___1978/03/02___1978/03/09___1978/03/16___1978/03/23___1978/04/06___1978/04/13___1978/04/20___1978/04/27	1977/11/3	0.023809524	0
http://en.wikipedia.org/wiki/2011%E2%80%9312_Rice_Owls_men%27s_basketball_team		Schedule	1	Time	7:00 PM___7:00 PM___5:00 PM___6:30 PM___3:00 PM___7:00 PM___2:00 PM___7:00 PM___7:00 PM___8:00 PM___7:00 PM___7:00 PM___1:00 PM___7:00 PM___7:00 PM___7:00 PM___7:00 PM___7:00 PM___7:00 PM___7:00 PM___7:00 PM___7:00 PM___5:00 PM___7:00 PM___7:00 PM___7:00 PM___8:00 PM___7:00 PM___8:00 PM___7:00 PM___12:00 PM___7:00 PM___7:00 PM___6:00 PM	12:00 ÏÂÎç	0.029411765	2
"http://en.m.wikipedia.org/wiki/Israeli_legislative_election,_2013"		ResultsEdit	1	Votes	543,458___432,118___345,985___331,868___195,892___189,167___172,403___138,450___113,439___97,030___79,081___66,775___45,690___43,734___28,080___28,049___18,941___8,117___5,975___3,640___3,546___2,899___2,877___2,176___2,076___1,972___1,352___1,027___761___649___461___40,904___5,656,705"	"5,656,705"	0.03030303	0
http://fr.wikipedia.org/wiki/Beretta_92F		Mod??les	3	Longueur du canon (mm)	125___125___125___125___125___125___125___119___119___119___125___125___119___119___119___125___125___125-150___125___125___125___125___109___109___109___109___109___109___125___109___125___119___125___125___125___125___125___119___119___119___119___119___119___125___125___125___109	125-150	0.021276596	2
http://en.wikipedia.org/wiki/1993_Yokohama_Fl%C3%BCgels_season		Player statistics	4	Height / Weight | Apps	180 cm / 75 kg___170 cm / 61 kg___173 cm / 64 kg___180 cm / 75 kg___184 cm / 75 kg___183 cm / 73 kg___182 cm / 72 kg___176 cm / 74 kg___177 cm / 66 kg___170 cm / 70 kg___185 cm / 75 kg___186 cm / 80 kg___178 cm / 72 kg___177 cm / 72 kg___170 cm / 65 kg___180 cm / 72 kg___184 cm / 80 kg___160 cm / 58 kg___179 cm / 73 kg___170 cm / 64 kg___181 cm / 74 kg___175 cm / 75 kg___170 cm / 65 kg___179 cm / 73 kg___178 cm / 72 kg___176 cm / 74 kg___170 cm / 63 kg___174 cm / 69 kg___178 cm / 70 kg___174 cm / 66 kg___182 cm / 76 kg___170 cm / 63 kg___180 cm / 76 kg___190 cm / 85 kg___180 cm / 74 kg___185 cm / 80 kg___180 cm / 72 kg___171 cm / 65 kg___180 cm / 68 kg___177 cm / 62 kg___166 cm / 62 kg___- cm / - kg	#NAME?	0.023809524	1
http://en.wikipedia.org/wiki/2012_Fuji_GT_300km		Race results	5	Tyre	M___Y___B___B___M___B___B___B___B___B___B___Y___D___B___H___Y___B___Y___B___Y___D___Y___Y___Y___Y___Y___Y___Y___Y___Y___Y___Y___Y___Y___Y___Y___Y	H	0.027027027	0
http://en.wikipedia.org/wiki/Hong_Kong_Disneyland	List of past and current celebrations	Entertainment and celebrations	0	Year	2006___2006___2006___2007___2007___2007___2007___2007___2008___2008___2008___2008___2009___2009___2009___2009___2009___2010___2010___2010___2010___2010___2011-2012___2011___2011___2011___2011___2011___2012___2012___2012___2013___2013___2013	2011-2012	0.029411765	2
http://de.wikipedia.org/wiki/Sechstagerennen_Dortmund		Sieger seit 1926	0	Jahr	2007___2006___2005___2004___2003___2002___2001___2000___1999___1998___1997___1996___1995___1994___1993___1992___1991___1990___1989___1988___1987___1986___1985___1984___1983___1982___1981___1980___1979___1978___1977___1976___1975___1974___1973___1972___1971___1970___1969___1968___1967___1966___1965___1964___1963___1962___1961___1960___1959___1958___1957___1956___1955___1954___1953___1952-2___1952-1___1934___1933___1932___1931___1930___1929___1928___1927___1926	1952-2___1952-1	0.03030303	2
http://it.wikipedia.org/wiki/Campioni_italiani_assoluti_di_atletica_leggera_-_Salti_in_elevazione_maschili		Salto con l'asta	2	Prestazione	3,245 m___2,85 m___3,20 m___3,35 m___3,40 m___3,40 m___3,52 m___3,43 m___3,59 m___3,63 m___3,60 m___3,40 m___3,50 m___17 p.___3,75 m___3,65 m___3,95 m___3,80 m___3,80 m___3,90 m___4,03 m___3,90 m___3,80 m___3,90 m___3,90 m___4,00 m___3,80 m___3,80 m___3,80 m___3,90 m___3,60 m___3,90 m___3,90 m___4,10 m___4,00 m___4,26 m___4,10 m___4,20 m___4,00 m___4,20 m___4,20 m___4,15 m___4,05 m___4,30 m___4,20 m___4,40 m___4,40 m___4,80 m___4,40 m___5,00 m___5,00 m___5,35 m___5,00 m___5,00 m___5,00 m___5,00 m___5,20 m___5,10 m___5,00 m___5,20 m___5,20 m___5,20 m___5,10 m___5,20 m___5,20 m___5,50 m___5,40 m___5,40 m___5,60 m___5,40 m___5,50 m___5,40 m___5,50 m___5,40 m___5,50 m___5,50 m___5,50 m___5,50 m___5,75 m___5,30 m___5,60 m___5,30 m___5,40 m___5,30 m___5,40 m___5,40 m___5,30 m___5,30 m___5,20 m___5,20 m___5,45 m___5,50 m___5,30 m___5,60 m___5,50 m"	"3,245 m___17 p."	0.021052632	2
http://en.m.wikipedia.org/wiki/List_of_musical_instruments		Percussion instrumentsEdit	1	Classification	membranophones___membranophones___membranophones___membranophones___membranophones___membranophones___membranophones___membranophones___membranophones___membranophones___membranophones___membranophones___membranophones___membranophones___membranophones___membranophones___membranophones___membranophones___membranophones___membranophones___membranophones___membranophones___membranophones___membranophones___membranophones___membranophones___membranophones___membranophones___membranophones___membranophones___membranophones___idiophones and membranophones___membranophones___membranophones___membranophones___membranophones___membranophones___membranophones___membranophones___membranophones___membranophones___membranophones___membranophones___membranophones___membranophones___membranophones___membranophones___membranophones___membranophones___membranophones___membranophones___membranophones___membranophones___membranophones___membranophones___membranophones___membranophones___membranophones___membranophones___membranophones___membranophones___membranophones___membranophones___membranophones___membranophones___idiophones or membranophones___membranophones___membranophones___membranophones___membranophones___membranophones___membranophones___membranophones___membranophones___membranophones___membranophones___membranophones___membranophones___membranophones	idiophones and membranophones___idiophones or membranophones	0.025316456	0
http://it.wikipedia.org/wiki/Lodigiani_Calcio		Strutture	0	Stagione calcistica	1975/76___1976/77___1977/78___1978/79___1979/80___1980/81___1981/82___1982/83___1983/84___1984/85___1985/86___1986/87___1987/88___1988/89___1989/90___1990/91___1991/92___1992/93___1993/94___1994/95___1995/96___1996/97___1997/98___1998/99___1999/2000___2000/01___2001/02___2002/03___2003/04___2005/06___2006/07___2007/08___2008/09___2009/10___2010/11___2011/12	1999/2000	0.027777778	0
http://de.wikipedia.org/wiki/Judge_Advocate_General%E2%80%99s_Corps		US Navy	2	Ende der Berufung	2012___14. August 2009___2006___2004___2002___2000___1997___1993___1992___1990___1988___1986___1984___1982___1980___1978___1976___1975___1972___1968___1964___1960___1956___1952___1948___1945___1943___1938___1936___1934___1931___1929___1925___1921___	14. August 2009	0.024390244	2
http://it.wikipedia.org/wiki/Elenco_delle_vittorie_del_Palio_di_Castel_del_Piano			1	Contrada vittoriosa	Storte___Storte___Borgo___Poggio___Monumento___Storte___non assegnato causa contestazioni___Monumento___Borgo___Borgo___Borgo___Monumento___Storte___Monumento___Borgo___Poggio___Poggio___Borgo___Borgo___Monumento___Poggio___Storte___Borgo___Storte___Borgo___Poggio___Borgo___Borgo___Storte___Monumento___Borgo___Storte___Storte___Poggio___Storte___Storte___Poggio___Storte___Monumento___Poggio___Storte___Monumento___Borgo___Monumento___Borgo___Storte___Monumento	non assegnato causa contestazioni	0.021276596	0
http://wikipedia.orange.fr/wiki/Liste_des_livres-disques_Disney		Liste des livres-disques Disney	2	Ann??e	1977___1977___1976______1976___1977______1979____________1979___1982___1982___1975___1980___1977/1980______1982___1982______1977_________1981___1978___1975___1976______1975___1977___1978___1976___1976___1976___1976___1976___1981___1985___1986___1985___1985___1985___1985___1979/1989___1978___1978___1980___1980_________1982___1983___1984___1984___1986___1985___1985___1985___1985___1985___1986___1986___1987___1987___1986______1987___1987___1988___1986______1989___1989___1988___1989___1989___1990	1977/1980___1979/1989	0.03125	2
http://fr.wikipedia.org/wiki/R%C3%A9f%C3%A9rendum_constitutionnel_irlandais_de_2008		R??sultats	2	Exprim??s	49 649___40 617___42 398___35 120___35 358___49 455___32 184___25 654___27 946___28 265___31 833___45 077___31 245___29 991___26 394___51 342___36 181___42 170___27 871___28 421___49 810___40 124___42 844___28 120___27 257___36 815___27 858___56 992___39 444___29 958___42 065___44 565___48 822___34 148___32 589___33 962___29 228___32 750___29 756___38 474___53 369___52 272___1 621 037	1 621 037	0.023255814	0
http://ja.wikipedia.org/wiki/%E3%83%A8%E3%83%8F%E3%83%B3%E3%83%BB%E3%82%BC%E3%83%90%E3%82%B9%E3%83%86%E3%82%A3%E3%82%A2%E3%83%B3%E3%83%BB%E3%83%90%E3%83%83%E3%83%8F%E3%81%AE%E4%BD%9C%E5%93%81%E4%B8%80%E8%A6%A7	???????????????	J.S.????????????????????€???	0	BWV	1002___1003___1005___1006___1007___1008___1009___1010___1011___1012___1013___1014___1015___1016___1017___1018___1019___1019a___1021___1022___1023___1024___1025___1026___1027___1028___1029___1030___1031___1032___1033___1034___1035___1039___1040	1019a	0.028571429	2
http://he.wikipedia.org/wiki/%D7%9C%D7%94%D7%A7%D7%AA_%D7%A4%D7%99%D7%A7%D7%95%D7%93_%D7%9E%D7%A8%D7%9B%D7%96		?????????? ??????????	4	??????	1968___1969___1985___1969___1987___1968___1968___1972___1972___1970___1968___1954___1970___1960___1975___1962 1963___1963___1966___1985___1970___1964___1964___1985___1972___1972___1985___1987___1970___1969___1968___1969___1972___1969___1970	1962 1963	0.029411765	2
http://en.wikipedia.org/wiki/List_of_cities_and_census-designated_places_in_Alaska			2	Type	city___city and borough___CDP___CDP___CDP___city and borough___CDP___CDP___city___CDP___city___CDP___city___CDP___city___city___city___CDP___CDP___CDP___city___CDP___CDP___CDP___city___city___city___city___city___CDP___CDP___CDP___city___city___city___CDP___CDP___city and borough___city___CDP___city___CDP___city___CDP___CDP___CDP___CDP___CDP___city___CDP___CDP___CDP___CDP___CDP___CDP___CDP___CDP___city___CDP___CDP___city___CDP___city___CDP___CDP___city___city___city___city___CDP___CDP___CDP___CDP___CDP___city___city___city___city___city___city___CDP___CDP___CDP___city___CDP___CDP___city___CDP___city___city___city___city___city___city___CDP___CDP___CDP___CDP___CDP___city___city___city___CDP___city___city___CDP___city___city___city___CDP___CDP___CDP___CDP___CDP___city___city___city___city___CDP___CDP___city___city___city___city___city___city___city___city___CDP___city___CDP___city___city___city___CDP___city___city___city___city___city___city___CDP___city___CDP___city___CDP___city___CDP___city___city___city___city___CDP___CDP___city___city___CDP___CDP___city___CDP___CDP___CDP___CDP___city___CDP___city___city___CDP___city___CDP___city___city___city___city___CDP___city___city___city___city___city___CDP___city___city___city___city___CDP___CDP___CDP___city___CDP___CDP___city___CDP___city___city___CDP___city___CDP___city___city___city___CDP___city___CDP___city___CDP___CDP___city___CDP___CDP___city___CDP___CDP___city___city___CDP___city___CDP___city___CDP___city___CDP___city___CDP___CDP___city___CDP___city___city___city___CDP___CDP___CDP___CDP___CDP___city___CDP___CDP___city___city___CDP___CDP___city___city___CDP___CDP___CDP___city___CDP___CDP___city___CDP___city___CDP___city___CDP___CDP___city___CDP___city___CDP___city___CDP___city___CDP___CDP___CDP___CDP___CDP___CDP___city___CDP___CDP___CDP___CDP___CDP___city___CDP___CDP___CDP___CDP___city___CDP___CDP___city___CDP___city___city___CDP___CDP___CDP___CDP___city___CDP___CDP___city___CDP___CDP___CDP___CDP___CDP___CDP___CDP___CDP___CDP___CDP___CDP___CDP___CDP___city___CDP___CDP___CDP___CDP___CDP___CDP___CDP___CDP___CDP___city___CDP___CDP___CDP___CDP___CDP___CDP___CDP___CDP___CDP___CDP___CDP___CDP___CDP___CDP___CDP___CDP___CDP___CDP___city___CDP___CDP___CDP___CDP___CDP___CDP___CDP___CDP___CDP___CDP___CDP___CDP___CDP___CDP___CDP___(former CDP)___(former CDP)___(former CDP)___(former CDP)___(former CDP)___(former CDP)	city and borough___city and borough___city and borough___(former CDP)___(former CDP)___(former CDP)___(former CDP)___(former CDP)___(former CDP)	0.025	0
http://it.wikipedia.org/wiki/Kansas_(casa_discografica)		I dischi pubblicati	1	Anno	1965___1965___1965___1965___1965___1966___1966___1966___1966___1966___1966___1966___1966___1966___1966___1966___1966___1966___1966___1966___1967___1967___3 gennaio 1967___1967___1967___1967___1967___1967___1967___1967___1967___1967___1967___1967___1967___1967___1967___1967___1967___1967___1967___1968___1968___1968___1968___1968___1968___1968___1968___1968___1968___1968___1968___1968___1968___1968___1968___1968___1968___1968___1968___1969___1969___1969___1969___13 maggio 1969___1969___1969___1969___1969___1969___1969___1969___1969___1969___1969___1969___1969___1969___1969___1970___1970___1970___1970___1970___1970___1970___1970___1970___1970___1970___1970___1970___1970___1970___1970___1970___1970___1970___25 novembre 1970___1970___1970___1970___1970___1970___1970___1971___1971___1971___1971___1972___1972___1972___1972___1972___1973___1973___1973___1973___1974___1974	3 gennaio 1967___13 maggio 1969___25 novembre 1970	0.024793388	2
http://vi.wikipedia.org/wiki/%C4%90%E1%BA%A1i_d%E1%BB%8Bch_c%C3%BAm_2009			2	T??? vong	0___0___0___0___0___0___0___0___0___0___0___1___1___0___0___0___0___0___0___0___0___0___0___0___0___0___0___0___0___0___0___0___0___0___0___0___0___0___0___0___0___0___0___0___0___0___0___0___0___0___0___0___0___0___0___0___0___0___0___0___0___0___0___0___0___0___0___0___0___0___0___0___0___0___0___0___0___0___0___0___0___0___0___0___0___0___0___0___0___0___0___0	1___1	0.02173913	0
http://fr.wikipedia.org/wiki/Liste_des_joueurs_de_l%27AS_Nancy-Lorraine		M	2	P??riode	2006-2007___1995-1997___1967-1969___1985-1987___1996-1997___1967-1968___1974-1975___1967-1972___2005-2006___78-87 et 89-91___1983-1985___1990-1992___1974-1975___1983-1985___1991-1995___1967-1968___1986-1992___1977-1978___1996-2000___1978-1980___1974-1976___1982-1984___1991-1993___1992-1995___1967-1969___1987-1989___1997-2002___2002-2005___1989-1993___1999-2000___1989-1990___1994-2003___1975-1984	78-87 et 89-91	0.03030303	2
http://da.wikipedia.org/wiki/Liverpool_F.C.	Champions League historik	Europ??isk deltagelse	3	Hjemme	1-1___2-0___1-0___1-3___2-0___0-0___1-0___0-1___1-1___5-0___0-1___2-0___3-1___0-0___3-1___2-1___1-0___3-0___2-0___0-1___0-0___0-0___3-0___0-2___2-1___2-0___3-2___3-0___0-1___1-0___1-0___4-0___4-1___0-1___8-0___2-0___4-2___1-1___1-0___3-1___1-1___4-0___1-3___1-0___1-2___1-2___85-32	85-32	0.021276596	0
http://fa.wikipedia.org/wiki/%D9%85%D9%82%D8%A7%DB%8C%D8%B3%D9%87_%D9%86%D8%B1%D9%85%E2%80%8C%D8%A7%D9%81%D8%B2%D8%A7%D8%B1%D9%87%D8%A7%DB%8C_%D9%85%D8%AF%DB%8C%D8%B1%DB%8C%D8%AA_%D8%AF%D8%A7%D9%86%D9%84%D9%88%D8%AF			5	???????? ???? ????????????	CLI___GUI___GUI___GUI___GUI___GUI___GUI___GUI___GUI___GUI___GUI___GUI___GUI___GUI___GUI, Web Interface___GUI___GUI___GUI___GUI___GUI___GUI___GUI___GUI___CLI___GUI___GUI___GUI___GUI___GUI___GUI___GUI"	"GUI, Web Interface"	0.032258065	0
http://it.wikipedia.org/wiki/Nazionale_di_calcio_degli_Stati_Uniti		Albo d?€?oro	0	Copa Am??rica | Edizione	1917___1919___1920___1921___1922___1916___1923___1924___1925___1926___1927___1929___1935___1937___1939___1941___1942___1945___1946___1947___1949___1953___1955___1956___1957___1959___1959 (II)___1963___1967___1975___1979___1983___1987___1989___1991___1993___1995___1997___1999___2001___2004___2007___2011	1959 (II)	0.023255814	2
http://en.wikipedia.org/wiki/2008_Washington_Redskins_season		Final statistics	10	FumR	0___1___0___0___0___0___0___0___0___0___0___0___0___0___0___0___0___0___0___0___0___0___0___0___0___0___0___0___0___0___0___0___0___0___0___0___0___0___0___0___0___0	1	0.023809524	0
http://en.wikipedia.org/wiki/List_of_2007_box_office_number-one_films_in_Canada		Weekend gross list	3	Weekend Gross (millions)	$1.32___$1.06___$0.93___$3.63___$2.40___$6.09___$3.45___$2.44___$1.94___$1.63___$11.69___$5.15___$9.80___$9.75___$4.40___$2.84___$3.10___$1.51___$5.75___$7.18___$5.64___$4.88___$2.48___$0.82___$1.86___$1.23___$1.81___$3.11___$2.13___$2.07___$1.44___$2.67___$4.10	$11.69	0.03030303	0
http://ja.wikipedia.org/wiki/%E3%82%B9%E3%82%BF%E3%83%83%E3%83%89%E3%83%BB%E3%83%96%E3%83%AC%E3%82%B9%E3%83%8829		???????????????	0	????????????	1971-72___1972-73___1973-74___1974-75___1975-76___1976-77___1977-78___1978-79___1979-80___1980-81___1981-82___1982-83___1983-84___1984-85___1985-86___1986-87___1987-88___1988-89___1989-90___1990-91___1991-92___1992-93___1993-94___1994-95___1995-96___1996-97___1997-98___1998-99___1999-2000___2000-01___2001-02___2002-03___2003-04	1999-2000	0.03030303	0
http://de.wikipedia.org/wiki/Oberbergische_Verkehrsgesellschaft_AG		Weblinks	0	Linie	302___303___307___308___311___313___314___315___316___317___318___319___320___321___322___323___324___325___332___333___335___336___336R___337___338___339___340___341___342___343___344___346___348___349___361___362___363___364___365___398___399___626	336R	0.023809524	2
http://en.wikipedia.org/wiki/List_of_ships_of_the_Royal_New_Zealand_Navy			4	Com	1944___1944___1946___1966___1946___1942___2007___1941 1942 1945___1952___1956___1988___1941___1943___1948___1975___2008___1965___1941___1941___1941___1941___1948___1952___1941___1983___1948 1953___1988___1984___1941___1941___1960___2008___1943___1948___1975___2008___1943___1943___1943___1943___1943___1943___1943___1943___1943___1943___1943___1944___1941___1948___1975___2008___1956___1941___1965___1941___1983___1952___1980___1961___1948___1975___2008___1997___1999___1948___1941___2007	1941 1942 1945___1948 1953	0.029411765	2
http://pl.wikipedia.org/wiki/Port_lotniczy_Abu_Zabi	Linie lotnicze z Portu lotniczego Abu Zabi	Linie lotnicze i po????czenia	2	Terminal	1___1___2___1___1___1___2___1___1___1___1___1___3___1___2___1___1___2___1___1___1___1___2___1___2 -___1___1___1___1___2___1___2___2___1___1___2___1___3___2	2 -	0.025641026	2
http://en.wikipedia.org/wiki/St%C3%A9phane_de_G%C3%A9rando	Catalog of Works - St??phane de G??rando - 3icar /icarEditions	Catalog of works	0	Year	1990___1991___1991___1992___1993___1994___1996___1996___1997___1997___1999___2004___2006___2006___2006___2006___2006___2006___2006___2006___2006___2006___2006___2006___2006___2006___2006___2007___2007___2007___2007___2007___2007___2007___2007___2007___2008___2008___2008___2008___2008___2009___2010___2010___2010___2010...	2010...	0.02173913	2
http://en.wikipedia.org/wiki/Prix_de_l%27Abbaye_de_Longchamp		Winners since 1972	0	Year	1973___1974___1975___1976 (dh)___1977___1978___1979___1980___1981___1982___1983___1984___1985___1986___1987___1988___1989___1990___1991___1992___1993___1994___1995___1996___1997___1998___1999___2000___2001___2002___2003___2004___2005___2006___2007___2008___2009___2010___2011___2012___2013	1976 (dh)	0.024390244	2
http://nl.wikipedia.org/wiki/K._Lierse_SK_in_het_seizoen_2010-2011		Spelers	3	Geboortedatum	26-02-1992___07-05-1975___23-08-1978___21-05-1981___26-04-1985___24-05-1982___19-08-1979___03-01-1989___06-03-1984___21-11-1984___13-07-1978___11-04-1985___23-10-1985___20-05-1979___30-01-1987___21-10-1974___03-08-1978___02-07-1982___27-04-1988___15-04-1983___28-01-1990___16-04-1988___21-09-1982___19-01-1981___24-11-1986___05-03-1982___25-09-1978___29-05-1986___22-05-1984___28-09-1980___27-02-1988___1-07-1987___19-08-1978___09-08-1978___14-12-1973___12-01-1977___07-02-1978___01-12-1977	1-07-1987	0.026315789	0
http://ja.wikipedia.org/wiki/%E3%82%A2%E3%83%A0%E3%82%B9%E3%83%86%E3%83%AB%E3%83%80%E3%83%A0%E3%83%9E%E3%83%A9%E3%82%BD%E3%83%B3		???????€?	4	?????????	3:13:38___3:24:31___3:28:24___---___3:22:45___2:40:15___2:43:38___2:37:28___2:43:47___2:43:51___2:47:11___2:46:18___2:36:21___2:41:56___2:47:16___2:35:31___2:41:14___2:50:41___2:29:12___2:51:57___2:48:57___2:34:35___2:37:37___2:22:23___2:25:29___2:2	---	0.026315789	1
http://it.wikipedia.org/wiki/Derby_della_Mole		Risultati	3	Risultato	Juventus- Torino 1-4___Torino- Juventus 1-0___Juventus- Torino 3-1___Torino- Juventus 1-0___Juventus- Torino 1-3___Torino- Juventus 0-3___Torino- Juventus 2-1___Juventus- Torino 1-3___Torino- Juventus 2-1___Juventus- Torino 1-1___Juventus- Torino 0-8___Torino- Juventus 8-6___Torino- Juventus 1-1___Juventus- Torino 2-7___Torino- Juventus 1-1___Juventus- Torino 1-1___Torino- Juventus 2-2___Juventus- Torino 0-2___Juventus- Torino 1-0___Torino- Juventus 2-1___Juventus- Torino 1-4___Torino- Juventus 1-2___Torino- Juventus 0-0___Juventus- Torino 2-0___Juventus- Torino 2-0___Torino- Juventus 1-1___Torino- Juventus 0-0___Juventus- Torino 3-0___Torino- Juventus 0-1___Juventus- Torino 2-1___Juventus- Torino 4-0___Torino- Juventus 1-2___Juventus- Torino 1-1___Torino- Juventus 1-3___Torino- Juventus 2-2___Juventus- Torino 2-1___Juventus- Torino 0-1___Torino- Juventus 2-1___Torino- Juventus 1-1___Juventus- Torino 3-0___Torino- Juventus 1-3___Juventus- Torino 2-1___Torino- Juventus 3-2___Juventus- Torino 1-1___Torino- Juventus 1-2___Juventus- Torino 1-1___Torino- Juventus 2-0___Juventus- Torino 2-1___Juventus- Torino 3-0___Torino- Juventus 2-1___Juventus- Torino 2-5___Torino- Juventus 2-0___Torino- Juventus 5-0___Juventus- Torino 0-0___Juventus- Torino 3-1___Torino- Juventus 3-3___Juventus- Torino 2-1___Torino- Juventus 1-0___Juventus- Torino 1-0___Torino- Juventus 1-0___Torino- Juventus 0-0___Juventus- Torino 0-1___Torino- Juventus 1-1___Juventus- Torino 1-1___Juventus- Torino 1-2___Torino- Juventus 3-1___Torino- Juventus 1-3___Juventus- Torino 4-3___Torino- Juventus 1-4___Juventus- Torino 5-1___Torino- Juventus 0-0___Juventus- Torino 6-0___Juventus- Torino 4-1___Torino- Juventus 0-1___Torino- Juventus 2-4___Juventus- Torino 0-0___Juventus- Torino 3-0___Torino- Juventus 2-2___Torino- Juventus 0-0___Juventus- Torino 0-2___Juventus- Torino 1-1___Torino- Juventus 4-1___Torino- Juventus 0-1___Juventus- Torino 4-1___Juventus- Torino 2-0___Torino- Juventus 1-2___Juventus- Torino 4-3___Torino- Juventus 3-2___Torino- Juventus 0-0___Juventus- Torino 1-0___Juventus- Torino 2-2 (5-4 d.c.r.)___Juventus- Torino 0-1___Torino- Juventus 1-3___Torino- Juventus 0-1___Juventus- Torino 0-1___Juventus- Torino 3-1___Torino- Juventus 0-0___Torino- Juventus 2-0___Torino- Juventus 0-3___Juventus- Torino 1-1___Juventus- Torino 1-0___Juventus- Torino 2-0___Torino- Juventus 0-0___Torino- Juventus 0-0___Juventus- Torino 0-0___Juventus- Torino 0-4___Torino- Juventus 2-1___Torino- Juventus 1-2___Juventus- Torino 0-0___Juventus- Torino 1-2___Torino- Juventus 0-3___Torino- Juventus 2-1___Juventus- Torino 3-3___Juventus- Torino 2-1___Torino- Juventus 2-1___Juventus- Torino 2-1___Torino- Juventus 2-1___Torino- Juventus 2-1___Juventus- Torino 0-2___Torino- Juventus 0-1___Juventus- Torino 1-1___Juventus- Torino 0-0___Torino- Juventus 3-2___Torino- Juventus 2-0___Juventus- Torino 0-2 a tav.___Juventus- Torino 0-2___Torino- Juventus 1-1___Torino- Juventus 0-0___Juventus- Torino 0-0___Juventus- Torino 1-1___Torino- Juventus 0-1___Torino- Juventus 1-2___Juventus- Torino 0-0___Juventus- Torino 0-0___Torino- Juventus 0-0 (4-2 d.c.r.)___Juventus- Torino 1-2___Torino- Juventus 0-2___Juventus- Torino 0-1___Torino- Juventus 0-1___Juventus- Torino 4-2___Juventus- Torino 1-0___Torino- Juventus 3-2___Torino- Juventus 2-1___Juventus- Torino 2-1___Juventus- Torino 1-2___Torino- Juventus 0-2___Torino- Juventus 1-2___Juventus- Torino 1-1___Juventus- Torino 1-0___Torino- Juventus 1-1___Torino- Juventus 2-2___Torino- Juventus 2-0___Juventus- Torino 2-1___Juventus- Torino 2-1___Juventus- Torino 0-0 (4-2 d.c.r.)___Juventus- Torino 1-0___Torino- Juventus 0-0___Torino- Juventus 1-1___Juventus- Torino 1-2___Juventus- Torino 1-0___Torino- Juventus 2-0___Torino- Juventus 1-2___Torino- Juventus 1-1___Juventus- Torino 2-2___Juventus- Torino 2-1___Juventus- Torino 3-2___Torino- Juventus 1-1___Torino- Juventus 3-2___Juventus- Torino 1-2___Juventus- Torino 5-0___Torino- Juventus 1-2___Torino- Juventus 0-0___Juventus- Torino 3-2___Juventus- Torino 3-3___Torino- Juventus 2-2___Torino- Juventus 0-4___Juventus- Torino 2-0___Torino- Juventus 0-1___Juventus- Torino 0-0___Juventus- Torino 1-0___Torino- Juventus 0-1___Juventus- Torino 3-0___Torino- Juventus 0-2___Torino- Juventus 0-1	Juventus- Torino 2-2 (5-4 d.c.r.)___Juventus- Torino 0-2 a tav.___Torino- Juventus 0-0 (4-2 d.c.r.)___Juventus- Torino 0-0 (4-2 d.c.r.)	0.02173913	2
http://hu.wikipedia.org/wiki/Milli%C3%B3s_v%C3%A1rosok			3	Lakoss??g	11 624 219___10 927 986___10 381 222___10 349 291___10 021 437___9 797 536___9 263 459___8 789 133___8 657 045___8 540 306___8 483 050___8 143 197___7 787 832___7 734 614___7 554 583___7 480 601___7 421 228___7 157 993___7 013 832___6 850 205___6 642 566___6 485 175___6 080 671___6 023 742___5 672 513___4 931 230___4 837 248___4 631 392___4 612 187___4 477 638___4 328 063___4 184 206___4 087 152___4 039 745___3 967 028___3 950 437___3 935 191___3 844 829___3 811 516___3 774 894___3 766 207___3 719 710___3 692 570___3 678 551___3 626 204___3 597 816___3 579 706___3 579 133___3 565 810___3 512 192___3 467 426 .___3 433 441___3 420 786___3 384 671___3 268 513___3 229 883___3 155 359___3 152 825___3 120 282___3 087 010___2 970 099___2 935 744___2 933 684___2 926 443___2 894 504___2 842 518___2 823 249___2 823 167___2 801 481___2 799 300___2 776 125___2 765 657___2 746 761___2 722 475___2 711 903___2 711 758___2 698 651___2 660 401___2 628 776___2 622 472___2 582 175___2 580 775___2 566 537___2 557 851___2 553 873___2 537 421___2 472 011___2 455 943___2 443 203___2 431 649___2 374 920___2 373 255___2 311 911___2 307 254___2 287 819___2 253 437___2 228 018___2 215 031___2 192 500___2 157 853___2 141 839___2 123 709___2 090 001___2 073 938___2 069 266___2 065 597___2 035 307___2 026 469___2 016 582___2 015 483___2 014 125___1 998 635___1 992 474___1 978 078___1 963 264___1 955 753___1 948 269___1 926 496___1 884 802___1 881 977___1 880 875___1 878 129___1 877 155___1 871 351___1 837 970___1 837 041___1 815 681___1 806 297___1 793 197___1 751 190___1 743 627___1 742 123___1 718 433___1 699 822___1 697 343___1 695 047___1 692 854___1 683 999___1 651 365___1 642 245___1 640 649___1 626 638___1 626 218___1 622 860___1 619 438___1 599 920___1 599 914___1 598 227___1 596 949___1 593 075___1 582 211___1 580 909___1 568 926___1 547 241___1 545 368___1 542 813___1 525 389___1 520 204___1 518 083___1 516 353___1 512 677___1 508 225___1 486 338___1 478 118___1 475 220___1 474 764___1 471 478___1 468 609___1 464 740___1 463 281___1 461 575___1 458 459___1 453 978___1 448 996___1 438 852___1 431 377___1 430 055___1 424 701___1 421 834___1 419 007___1 417 742___1 417 082___1 416 937___1 409 476___1 407 737___1 403 025___1 400 646___1 400 621___1 399 981___1 392 137___1 391 506___1 390 581___1 388 904___1 385 202___1 376 494___1 374 808___1 372 763___1 372 185___1 368 390___1 358 318___1 353 236___1 343 091___1 333 973___1 329 579___1 328 231___1 327 009___1 321 832___1 318 992___1 313 851___1 306 729___1 299 439___1 297 390___1 294 168___1 289 497___1 288 221___1 287 573___1 284 606___1 284 164___1 280 827___1 279 437___1 271 894___1 269 648___1 267 458___1 262 255___1 259 677___1 256 509___1 255 540___1 253 687___1 251 739___1 249 972___1 242 799___1 241 334___1 234 742___1 234 364___1 232 565___1 226 654___1 223 184___1 217 924___1 213 825___1 208 099___1 204 762___1 199 275___1 1991 93___1 199 191___1 198 195___1 195 590___1 191 613___1 179 720___1 177 362___1 176 269___1 171 633___1 171 209___1 169 601___1 164 404___1 154 595___1 154 508___1 150 989___1 148 753___1 140 506___1 138 950___1 138 044___1 137 347___1 134 730___1 129 281___1 125 126___1 122 912___1 116 513___1 115 186___1 114 662___1 112 511___1 108 647___1 104 738___1 102 364___1 093 485___1 092 450___1 074 482___1 073 438___1 063 178___1 062 919___1 052 678___1 049 498___1 034 081___1 033 338___1 032 816___1 032 060___1 031 573___1 031 330___1 030 168___1 027 672___1 027 655___1 024 947___1 023 674___1 021 292___1 018 557___1 016 700___1 016 441___1 011 103___1 010 320___1 007 131___1 002 592___1 001 985___1 001 200___1 000 470___1 000 298	11 624 219___10 927 986___10 381 222___10 349 291___10 021 437___3 467 426 .___1 1991 93	0.023026316	0
http://pt.wikipedia.org/wiki/Anexo:Lista_de_munic%C3%ADpios_de_Granada			1	Pop. (2002)	864___13,725___986___455___5,693___1,175___757___4,424___4,751___6,028___4,395___637___396___22,030___1,164___836___2,017___15,695___11,500___20,926___987___347___3,210___1,399___2,337___785___364___349___768___1,523___3,336___793___567___1,424___4,726___329___564___201___273___1,658___2,656___5,676___1,670___737___1,980___1,614___2,504___1,001___2,111___5,010___4,424___4,206___1,511___7,701___1,456___607___2,366___859___1,362___595___274___5,304___786___357___1,171___984___3,923___9,428___1,243___333___3,673___1,076___547___240,522___2,057___20,042___1,246___2,973___2,647___1,660___512___1,209___8,144___1,674___8,655___9,640___10,288___1,010___6,909___1,308___1,090___754___1,897___161___2,455___3,749___560___2,251___329___148___20,329___377___528___1,625___15,824___371___4,382___2,714___5,515___6,593___2,747___1,327___2,782___891___51,928___706___1,300___1,021___657___9,759___1,408___5,067___1,044___4,777___6,873___315___1,232___8,015___1,386___1,176___1,257___13,209___1,280___294___1,388___430___2,556___4,276___2,411___1,059___352___2,695___10,691___524___13,015___260___620___790___1,152___858___799___340___2,424___835___1,219___2,327___3,539___2,493___673___999___855___1,995___744___2,230___1,108___14,119___2,691"	"22,030___20,926___240,522___20,329___51,928"	0.02994012	2
http://fr.wikipedia.org/wiki/WSOP		Palmar??s du Main Event	3	Prix d'entr??e (US$)	5 000___10 000___10 000___10 000___10 000___10 000___10 000___10 000___10 000___10 000___10 000___10 000___10 000___10 000___10 000___10 000___10 000___10 000___10 000___10 000___10 000___10 000___10 000___10 000___10 000___10 000___10 000___10 000___10 000___10 000___10 000___10 000___10 000___10 000___10 000___10 000___10 000___10 000___10 000___10 000___10 000___10 000	5 000	0.023809524	0
http://it.wikipedia.org/wiki/Varese_Football_Club_2002-2003		Statistiche	3	Coppe Italia Serie C | Esp	?___?___?___?___?___?___0___?___?___?___?___?___?___?___?___?___?___?___?___?___?___?___?___?___?___?___?___?___?___?___?___?___?___?___?	0	0.028571429	0
http://en.wikipedia.org/wiki/Comuni_of_the_Province_of_Sassari			2	"Population, 31.12.2010"	699___810___606___2,010___433___1,036___3,679___3,728___283___756___1,057___562___958___629___5,881___469___1,748___1,374___914___431___1,556___603___979___583___8,918___966___688___560___126___1,982___844___888___1,443___2,877___3,937___3,228___5,974___10,991___710___3,283___2,486___4,726___22,567___2,755___753___585___130,658___1,412___174___7,405___943___14,841___3,010___2,300___1,001___1,611___3,053___4,302___2,405___4,198___1,708___622___1,454___769___1,335"	"22,567___130,658"	0.030769231	0
"http://en.wikipedia.org/wiki/St_Paul%27s_School,_London"		High Masters of St Paul's School	1	Years as High Master	1522-1532___1532-1549___1549-1559___1559-1573___1573-1581___1581-1596___1596-1608___1608-1635___1635-1640___1640-1657___1657-1672___1672-1697___1697-1713___1713-1721___1721-1733___1733-1737___1737-1748___1748-1769___1769-1814___1814-1837___1838-1876___1877-1905___1905-1927___1927-1938___1938-1946___1946-1953___1953-1962___1962-1973___1973-1986___1986-1992___1992-2004___2004-2010___2011-	2011-	0.03030303	2
http://en.wikipedia.org/wiki/1995%E2%80%9396_UE_Lleida_season		Competitions	6	Pos	7th___11th___12th___15th___13th___12th___12th___14th___11th___13th___15th___16th___16th___16th___14th___15th___16th___16th___17th___17th___17th___16th___15th___14th___14th___14th___14th___14th___12th___14th___12th___12th___11th___11th___11th___12th___11th	7th	0.027027027	0
http://en.wikipedia.org/wiki/East_Perth_Football_Club		Honourboard	0	Year	1907___1908___1909___1910___1911___1912___1913___1914___1915___1916___1917___1918___1919___1920___1921___1922___1923___1924___1925___1926___1927___1928___1929___1930___1931___1932___1933___1934___1935___1936___1937___1938___1939___1940___1941___1942 Underage Comp___1943 Underage Comp___1944 Underage Comp___1945___1946___1947___1948___1949___1950___1951___1952___1953___1954___1955___1956___1957___1958___1959___1960___1961___1962___1963___1964___1965___1966___1967___1968___1969___1970___1971___1972___1973___1974___1975___1976___1977___1978___1979___1980___1981___1982___1983___1984___1985___1986___1987___1988___1989___1990___1991___1992___1993___1994___1995___1996___1997___1998___1999___2000___2001___2002___2003___2004___2005___2006___2007___2008___2009___2010___2011___2012___2013___2014	1942 Underage Comp___1943 Underage Comp___1944 Underage Comp	0.027777778	2
http://en.wikipedia.org/wiki/Portage_Terriers		Season-by-season record	7	GA	236___156___158___193___201___209___245___287___335___289___399___271___288___254___371___370___326___245___278___232___267___203___188___--___249___196___200___204___214___254___210___169___181	--	0.03030303	1
"http://en.wikipedia.org/wiki/List_of_highways_in_Henderson_County,_Texas"		Farm and Ranch to Market Roads	1	Direction	W/E___S/N___S/N___S/N___W/E___S/N___W/E___S/N___S/N___W/E___W/E___W/E___S/N___S/N___S/N___S/N___W/E___S/N___W/E___W/E___S/N___W/E___S/N___S/N___S/N___W/E___W/E___S/N (?)___S/N___S/N___W/E___W/E___W/E___W/E___W/E___S/N___S/N	S/N (?)	0.027027027	0
http://tr.wikipedia.org/wiki/Aysel_G%C3%BCrel_%C5%9Fark%C4%B1lar%C4%B1		B	4	Alb??m y??l??	1999___2008___1989___1994___1981___1997___1992___1989___1987___1990___1988___1984___1982___2008___1987___1988___1987___1991___1990___1986___2001___1997___1985___1997___1998___1994___1989___197?___1992___1979___1982___1981___1988___1988___2001___1977___1999	197?	0.027027027	0
http://en.wikipedia.org/wiki/2011%E2%80%9312_Delaware_Fightin%27_Blue_Hens_men%27s_basketball_team		Schedule	1	Time	7:00 PM___7:00 PM___2:00 PM___7:00 PM___4:00 PM___7:00 PM___1:00 PM___7:00 PM___7:00 PM___7:00 PM___2:00 PM___7:00 PM___4:00 PM___7:00 PM___4:00 PM___7:00 PM___2:00 PM___7:00 PM___7:00 PM___2:00 PM___7:00 PM___2:00 PM___7:00 PM___2:00 PM___7:00 PM___2:00 PM___7:00 PM___12:00 PM___2:30 PM___2:30 PM___8:00 PM	12:00 ÏÂÎç	0.032258065	2
http://ko.wikipedia.org/wiki/%EA%B0%95%EC%8B%AC%EC%9E%A5		?????????	2	?????? ?????????(?????????)	16.6%(+1.6)___17.7%(+1.1)___17.3%(-0.4)___16.3%(-1.0)___18.7%(+2.4)___16.8%(-1.9)___16.6%(-0.2)___16.5%(-0.1)___15.1%(-1.4)___15.3%(+0.2)___11.8%(-3.5)___10.7%(-1.1)___10.1%(-0.6)___15.7%(+5.6)___16.4%(+0.7)___16.9%(+0.5)___15.1%(-1.8)___16.5%(+1.4)___16.5%(0)___17.4%(+0.9)___15.6%(-1.8)___16.7%(+1.1)___17.5%(+0.8)___16.6%(-0.9)___15.4%(-1.2)___17.3%(+1.9)___14.6%(-2.7)___17.0%(+2.4)___13.5%(-3.5)___15.9%(+2.4)___14.1%(-1.8)___15.7%(+1.6)___14.4%(-1.3)___13.0%(-1.4)___12.5%(-0.5)___15.9%(+3.4)___14.6%(-1.3)___19.5%(+4.9)___17.3%(-2.2)___15.5%(-1.8)___13.9%(-1.4)___16.0%(+2.1)___15.4%(-0.6)___16.8%(+1.4)	16.5%(0)	0.022727273	2
http://en.wikipedia.org/wiki/List_of_asteroids/36101%E2%80%9336200			0	Name	36102 -___36103 -___36104 -___36105 -___36106 -___36107 -___36108 -___36109 -___36110 -___36111 -___36112 -___36113 -___36114 -___36115 -___36116 -___36117 -___36118 -___36119 -___36120 -___36121 -___36122 -___36123 -___36124 -___36125 -___36126 -___36127 -___36128 -___36129 -___36130 -___36131 -___36132 -___36133 -___36134 -___36135 -___36136 -___36137 -___36138 -___36139 -___36140 -___36141 -___36142 -___36143 -___36144 -___36145 -___36146 -___36147 -___36148 -___36149 -___36150 -___36151 -___36152 -___36153 -___36154 -___36155 -___36156 -___36157 -___36158 -___36159 -___36160 -___36161 -___36162 -___36163 -___36164 -___36165 -___36166 -___36167 -___36168 -___36169 Grosseteste___36170 -___36171 -___36172 -___36173 -___36174 -___36175 -___36176 -___36177 -___36178 -___36179 -___36180 -___36181 -___36182 Montigiani___36183 -___36184 -___36185 -___36186 -___36187 Travisbarman___36188 -___36189 -___36190 -___36191 -___36192 -___36193 -___36194 -___36195 -___36196 -___36197 -___36198 -___36199 -___36200 -	36169 Grosseteste___36182 Montigiani___36187 Travisbarman	0.03030303	2
http://fr.wikipedia.org/wiki/ZUS		Principales communes d'??le-de-France ?? ZUS importante	3	Population commune 1999	12 797___57 871___28 288___8 980___46 409___26 145___26 263___13 954___43 672___15 361___78 154___20 470___49 421___25 785___35 695___18 942___37 712___47 063___25 652___84 281___76 757___13 472___21 667___35 310___17 837___31 739___21 217___20 659___22 349___12 898___30 621___78 472___32 128	8 980	0.03030303	0
http://ar.wikipedia.org/wiki/%D9%85%D9%84%D8%AD%D9%82:%D9%82%D8%A7%D8%A6%D9%85%D8%A9_%D8%A7%D9%84%D8%AF%D9%88%D9%84_%D8%AD%D8%B3%D8%A8_%D8%A5%D9%86%D8%AA%D8%A7%D8%AC_%D8%A7%D9%84%D8%BA%D8%A7%D8%B2_%D8%A7%D9%84%D8%B7%D8%A8%D9%8A%D8%B9%D9%8A			3	?????????? ??????????????????	2007 est.___2007 est.___2007 est.___2007 est.___2007 est.___2008 est.___2007 est.___2007 est.___2007 est.___2007 est.___2007 est.___2007 est.___2007 est.___2007 est.___2007 est.___2007 est.___2007 est.___2006 est.___2007 est.___2007 est.___2007 est.___2007 est.___2007 est.___2007 est.___2007 est.___2007 est.___2007 est.___2007 est.___2007 est.___2008 est.___2007 est.___2007 est.___2008 est.___2006 est.___2007 est.___2006 est.___2006 est.___2006 est.___2006 est.___2006 est.___2007 est.___2007 est.___2007 est.___2007 est.___2006 est.___2007 est.___2008 est.___2007 est.___2007 est.___2007 est.___2008 est.___2006 est.___2007___2006 est.___2007 est.___2006 est.___2006 est.___2007 est.___2007 est.___2006 est.___2006 est.___2006 est.___2007___2007 est.___2007 est.___2006 est.___2005 est.___2007 est.___2007 est.___2007___2006 est.___2006 est.___2007 est.___2007 est.___2006 est.___2006 est.___2007 est.___2006 est.___2007 est.___2006 est.___2006 est.___2006 est.___2006 est.___2006 est.___2007 est.___2006 est.___2006 est.___2007 est.___2008___2007 est.___2006 est.___2007 est.___2007 est.___2007 est.___2007 est.___2007 est.___2007 est.___2007 est.___2007 est.___2007 est.___2007 est.___2007 est.___2007 est.___2007 est.___2007 est.___2007 est.___2007 est.___2007 est.___2007 est.___2007 est.___2007 est.___2007 est.___2007 est.___2007 est.___2007 est.___2007 est.___2007 est.___2007 est.___2007 est.___2007 est.___2007 est.___2007 est.___2007 est.___2007 est.___2007 est.___2007 est.___2007 est.___2007 est.___2007 est.___2007 est.___2007 est.___2007 est.___2007 est.___2007 est.___2007 est.___2007 est.___2007 est.___2007 est.___2007 est.___2007 est.___2007 est.___2007 est.___2008 est.___2007 est.___2007 est.___2007 est.___2007 est.___2007 est.___2007 est.___2007 est.___2007 est.___2007 est.___2008 est.___2007 est.___2007 est.___2007 est.___2007 est.___2008 est.___2007 est.___2007 est.___2007 est.___2007 est.___2007 est.___2007 est.___2007 est.___2007 est.___2007___2007 est.___2007 est.___2007 est.___2007 est.___2007 est.___2007 est.___2007 est.___2007 est.___2007 est.___2007 est.___2007 est.___2007 est.___2007 est.___2007 est.___2007 est.___2007___2007 est.___2007 est.___2007 est.___2007 est.___2007 est.___2007 est.___2007 est.___2007 est.___2007 est.___2007 est.___2007 est.___2008 est.___2007 est.___2007 est.___2007 est.___2007 est.___2007 est.___2007 est.___2007 est.___2007 est.___2007 est.___2007 est.___2007 est.	2007___2007___2007___2008___2007___2007	0.029126214	2
http://it.wikipedia.org/wiki/Coppa_UEFA_2004-2005		Tabellone principale	1	Tot.	0 - 6___1 - 2___2 - 4___5 - 3___4 - 1___0 - 5___3 - 1___3 - 2___4 - 2___2 - 0___7 - 1___4 - 3___5 - 5___4 - 3___2 - 4___9 - 1___1 - 2___1 - 3___1 - 5___1 - 3___4 - 1___1 - 2___1 - 1___6 - 1___3 - 4___1 - 7___3 - 2___1 - 2___0 - 5___2 - 0___1 - 5___4 - 1___6 - 1___3 - 5___1 - 2___9 - 0___2 - 1___1 - 1 (2-4 rig.)___1 - 5	1 - 1 (2-4 rig.)	0.025641026	2
http://ar.wikipedia.org/wiki/%D8%A7%D9%84%D8%A7%D8%AA%D8%AD%D8%A7%D8%AF%D8%A7%D9%84%D8%B3%D8%B9%D9%88%D8%AF%D9%8A		?????????????? ????????????????	2	??????	1982___1984___1986___1989___1992___1994___1996___1997___1998___1998___1999___2000___2001___2001___2003___2004___2004___2005___2006___2006___2006___2007___2007___2008___2010___2010___2011___2011___2011___2012___'	'	0.032258065	2
http://ja.wikipedia.org/wiki/%E6%9D%B1%E4%BA%AC%E4%B8%80%E6%A5%B5%E9%9B%86%E4%B8%AD		??€??????????????????	2	2010??????	2,801___2,541___2,606___2,320___4,023___3,794___1,286___2,336___2,686___3,566___1,357___1,382___4,105___1,405___6,824___1,070___853___1,125___542___797___1,733___9,094___1,089___706___6,302___512___760___470___900___1,409___2,914___467___273___1,093___4,463___524___1,248___746___1,353___846___1,072___225___92,839"	"92,839"	0.023255814	0
http://nl.wikipedia.org/wiki/Lijst_van_onroerend_erfgoed_in_Maarkedal			6	Nummer?	200859 Info___200860 Info___200861 Info___200862 Info___200863 Info___200864 Info___200865 Info___200866 Info___200867 Info___200874 Info___27830 Info___27831 Info___27832 Info___27833 Info___27833 Info___27834 Info___27835 Info___27836 Info___27837 Info___27838 Info___27839 Info___27840 Info___27841 Info___27842 Info___27843 Info___27844 Info___27845 Info___27846 Info___27847 Info___27848 Info___27849 Info___27850 Info___27851 Info___27851 Info___27852 Info___27853 Info___27854 Info___27855 Info___27856 Info___27857 Info___27858 Info___27859 Info___27860 Info___27861 Info___27862 Info___27863 Info___27864 Info___27865 Info___27866 Info___27867 Info___27868 Info___27869 Info___27870 Info___27871 Info___27872 Info___27872 Info___27872 Info___27872 Info___27873 Info___27874 Info___27875 Info___27876 Info___27877 Info___27878 Info___27879 Info___27880 Info___27881 Info___27882 Info___27883 Info___27884 Info___27885 Info___27886 Info___27887 Info___27888 Info___27889 Info___27890 Info___27891 Info___27892 Info___27893 Info___27894 Info___27895 Info___27896 Info___27897 Info___27898 Info___27899 Info___27901 Info___27903 Info___27904 Info___27905 Info___27906 Info___27907 Info___27908 Info___27909 Info___27910 Info___27911 Info___27912 Info___27913 Info___27914 Info___27915 Info___27916 Info___27917 Info___27918 Info___27919 Info___27920 Info___27921 Info___27922 Info___27923 Info___27924 Info___27925 Info___27926 Info___27927 Info___27928 Info___27928 Info___27929 Info___27930 Info___27931 Info___27932 Info___27933 Info___27933 Info___27934 Info___27935 Info___27936 Info___27937 Info___27938 Info___27939 Info___27940 Info___27941 Info___27942 Info___27943 Info___27944 Info___27945 Info___27946 Info___27947 Info___27948 Info___27949 Info___27949 Info___27950 Info___27951 Info___27952 Info___27952 Info___27953 Info___27954 Info___27955 Info___27956 Info___27957 Info___27958 Info___27959 Info___27959 Info___27960 Info___27961 Info___27962 Info___27963 Info___27964 Info___27965 Info___27966 Info___27967 Info___27967 Info___27968 Info___27969 Info___27970 Info___27971 Info___27972 Info___27973 Info___27974 Info___27975 Info___27976 Info___27977 Info___27978 Info___27979 Info___27980 Info___27981 Info___27982 Info___27983 Info___27984 Info___27985 Info___27986 Info___27987 Info___27988 Info___27989 Info___27990 Info___27991 Info___27992 Info___27992 Info___27993 Info___27994 Info___27995 Info___27996 Info___27997 Info___27998 Info___27999 Info___28000 Info___28001 Info___28002 Info___28003 Info___28004 Info___28005 Info___28006 Info___28007 Info___28009 Info___28010 Info___28011 Info___28012 Info___28013 Info___28014 Info___28015 Info___28015 Info___28016 Info___28017 Info___28018 Info___28019 Info___28020 Info___28022 Info___28023 Info___28024 Info___28025 Info___28026 Info___28027 Info___28028 Info___28029 Info___28030 Info___28031 Info___28032 Info___28033 Info___28034 Info___28035 Info___28036 Info___28037 Info___28037 Info___28038 Info___28039 Info___28040 Info___28041 Info___28042 Info___28043 Info___28044 Info___28045 Info___28046 Info___28047 Info___28048 Info___28049 Info___28050 Info___28051 Info___28052 Info___28053 Info___28054 Info___28055 Info___28056 Info___28057 Info___28058 Info___28059 Info___28060 Info___28061 Info___28062 Info___28063 Info___28064 Info___28065 Info___28066 Info___28067 Info___28068 Info___28069 Info___28070 Info___28071 Info___28072 Info___28073 Info___28074 Info___28075 Info___28076 Info___28077 Info___28078 Info___28081 Info___28082 Info___28084 Info___28086 Info___28087 Info___28088 Info___28089 Info___28090 Info___28091 Info___28092 Info___28093 Info___28094 Info___28095 Info___28096 Info___28097 Info___28098 Info___28099 Info___28100 Info___28101 Info___28102 Info___28103 Info___28103 Info___28104 Info___28105 Info___28106 Info___28107 Info___28108 Info___28109 Info___28110 Info___28111 Info___28112 Info___28113 Info___28114 Info___28115 Info___28115 Info___28116 Info___28117 Info___28117 Info___28117 Info___28117 Info___28118 Info___28119 Info___28120 Info	200859 Info___200860 Info___200861 Info___200862 Info___200863 Info___200864 Info___200865 Info___200866 Info___200867 Info___200874 Info	0.032051282	0
http://zh.wikipedia.org/zh-cn/IPod		iPod?????€???	2	iPod??€???	57,000___54,000___140,000___219,000___78,000___304,000___336,000___733,000___807,000___860,000___2,016,000___4,580,000___5,311,000___6,155,000___6,451,000___14,043,000___8,526,000___8,111,000___8,729,000___21,066,000___10,549,000___9,815,000___10,200,000___22,121,000___10,644,000___11,011,000___11,052,000___22,727,000___11,010,000___10,200,000___218,030,000"	"218,030,000"	0.032258065	0
http://en.wikipedia.org/wiki/List_of_Germany_international_footballers		List of players	5	Last cap	1934___1986___1988___2013*___2006___1990___1990___1993___1935___1968___1958___2003___1966___1936___1936___2012*___1958___1942___1970___1984___1958___1986___1966___1983___1964___1971___1982___1982___1942___1994___1941___1965___1940___1936___1970___2007___1982___1937___1935___2002___1973___1958___1990___1967___1954___1974___1982___2007___1986___1955___1937___1966___2009___1939___1986___1959___1974___1958___2010___1942___1959___1941___1955___1979___1962___1967___1964___1975___1934___1956___1950___1966___1958___1954___1942___1971___1956___1970___1966___1959___1970___2010*___1954___1953___1958___1939___1980___1937___1964___1971___1957___1956___1990___1956___1987___1982___2002___1978___1963___1964___1971___1970___1984___1934___1971___1938___1986___1990___1960___1965___1952___1962___1966___1998___2010*___1967___1954___1942___1994___1956___1974___1963___1958___1964___1970___1979___1936	2013*___2012*___2010*___2010*	0.031496063	2
"http://en.wikipedia.org/wiki/Gujarat_legislative_assembly_election,_2002"		Polls	3	Party	INC___BJP___INC___BJP___BJP___BJP___BJP___INC___BJP___INC___INC___INC___BJP___BJP___BJP___INC___INC___INC___BJP___INC___INC___INC___BJP___BJP___Independent___BJP___BJP___INC___INC___BJP___INC___BJP___JD(U)___INC___INC___Independent___BJP___BJP___BJP___BJP___INC___BJP___INC___BJP___INC___INC___BJP___BJP___INC___BJP___BJP___BJP___BJP___BJP___BJP___BJP___BJP___INC___BJP___BJP___BJP___BJP___INC___INC___BJP___BJP___JD(U)___BJP___BJP___BJP___INC___BJP___BJP___BJP___INC___BJP___INC___BJP___BJP___INC___BJP___BJP___BJP___INC___BJP___BJP___BJP___BJP___INC___BJP___BJP___BJP___BJP___INC___BJP___BJP___INC___BJP___BJP___BJP___BJP___INC___INC___BJP___BJP___BJP___BJP___BJP___BJP___INC___BJP___BJP___BJP___BJP___BJP___INC___BJP___BJP___BJP___BJP___BJP___INC___BJP___INC___BJP___BJP___BJP___BJP___BJP___BJP___BJP___BJP___BJP___BJP___BJP___INC___BJP___BJP___BJP___BJP___BJP___BJP___BJP___BJP___BJP___BJP___BJP___BJP___BJP___INC___BJP___INC___INC___INC___BJP___BJP___BJP___BJP___BJP___BJP___INC___BJP___INC___BJP___BJP___INC___BJP___BJP___BJP___INC___INC___BJP___BJP___BJP___INC___BJP___BJP___BJP___BJP___INC___BJP	Independent___JD(U)___Independent___JD(U)	0.022099448	2
http://en.wikipedia.org/wiki/Federal_Inventory_of_Landscapes_and_Natural_Monuments			0	Site	1002___1003___1004___1005___1006___1007___1008___1009___1010___1011___1012___1013___1014___1015___1016___1017___1018___1019___1020___1021___1022___1023___1101___1102___1103___1104___1105___1106___1107___1108___1109___1110___1201___1202___1203___1204___1205___1206___1207___1208___1209___1210___1301___1302___1303___1304___1305___1306___1307___1308___1309___1310___1311___1312___1313___1314___1315___1316___1317___1318___1319___1320___1321___1401___1402___1403___1404___1405___1406___1407___1408___1409___1410___1411___1412___1413___1414___1415___1416___1417___1418___1419___1420___1501___1502___1503/1713___1504___1505___1506___1507/1706___1508___1509___1510___1511___1512___1513___1514___1515___1601___1602___1603___1604___1605___1606___1607___1608___1609___1610___1611___1612___1613___1614___1615___1701___1702___1703___1704___1705___1706/1507___1707___1708___1709___1710___1711___1712___1713/1503___1714___1715___1716___1717___1718___1801___1802___1803___1804___1805___1806___1807___1808___1809___1810___1811___1812___1813___1814___1901___1902___1903___1904___1905___1906___1907___1908___1909___1910___1911___1912___1913___1914___1915___1916	1503/1713___1507/1706___1706/1507___1713/1503	0.02484472	2
http://ro.wikipedia.org/wiki/Cupa_UEFA_2005-2006		Turul 2 preliminar	4	Retur	2 - 0___4 - 2___0 - 3___2 - 2___2 - 0___0 - 0___0 - 0___0 - 4___0 - 1___0 - 1___1 - 1___1 - 2___1 - 5___2 - 0___1 - 4___2 - 0___1 - 2___0 - 3___0 - 2___2 - 2 (dts)___2 - 2___1 - 0___2 - 3___0 - 1___1 - 1___0 - 0___0 - 4___1 - 1___0 - 6___0 - 6	2 - 2 (dts)	0.033333333	2
http://en.wikipedia.org/wiki/Class_47_renumbering			2	Name	____________D1500___D1501_________________________________D1524_______________________________________1546_____________________89466____________________________________47556___47531______47557_________47597______47558_______________47559___47635___47618___47560___47662_________47561___47594___97480___47562___47563___47564___47565___47642___47630___47586___47567___47568______47569___47570____________47652___47654___47532___47547___47631___57008___47649___47545___47639___47535___47661___47632___47638___47620___47536___47609___47537___47645___47625___47613______47628___57009___47612___47606___47626___47633___47538______47641___47624___47653______47623___47647_____________________D1693____________89405___________________________47548______47555___47539___47658___47540___47549___47768___47622___47664___47621___47607___47550___47614____________47617___47551___47546___47660______47634___47769___47605___47541___47610___47571___47590______47611___47580___47572___47581___47582___47592___47583___47573___47574___47575___47576___47588___47577___47584___47578___47579___47585___47602____________47397___47392_________57314___47389_______________47387_________57003_________57002_______________57011___47390___57007_________57602____________57004______57603___57005____________47391___57006_____________________47388___57605______47393______47394_________47299________________________57001__________________47385__________________57315___57316_______________57307___47384____________57010___47665______57313_________47657___47663______47659___47636___47640______47644___47655___47616______47600___47589___47615___47651___47701___47596___47650___47706___47704______47710___47717___47711___47709___47770______47715___47771___47702___47712___47707___47552___47716_________47713___47714___47553___47554______47703______47608___47587___47591___47629___47603___47708___47595______47604___47593___47627___47758___47637_________________________________	D1500___D1501___D1524___1546___D1693	0.027624309	0
http://tr.wikipedia.org/wiki/EuroBasket		Kat??l??m detaylar??	18	Toplam	6___13___6___23___9___2___24___3___5___4___4___4___2___12___33___21___1___23___14___1___25___33___10___2___11(12)___3___14___24___2___17___9___2___2___6___9___21___27___9___5___1___20___4___21	11(12)	0.023255814	2
http://en.wikipedia.org/wiki/List_of_American_Idol_alumni_single_sales		Top songs	4	Album	08-19-2006___02-11-2008___01-13-2009___12-14-2004___04-10-2007___11-21-2006___09-25-2007___05-01-2012___10-03-2005___08-12-2008___09-14-2009___11-20-2009___07-19-2004___08-11-2009___08-28-2005___09-05-2011___09-21-2009___05-12-2009___02-23-2012___12-17-2007___03-27-2005___10-15-2012___06-10-2008___07-24-2007___05-24-2010___12-01-2008___01-31-2006___05-05-2009___04-23-2007___09-30-2008___03-13-2007___04-08-2008___07-21-2008___08-14-2007___02-02-2009___11-19-2012___10-20-2009___05-05-2010___11-10-2009___01-08-2008___02-06-2007___11-26-2012___04-10-2003___07-01-2008___08-30-2011___04-15-2013___04-14-2009___01-30-2007___06-05-2012___06-01-2010___03-23-2009___09-13-2006___09-13-2010___03-13-2006___06-10-2008___10-30-2009___08-31-2009___08-31-2004___02-05-2007___10-30-2012___06-14-2012___03-17-2004___10-29-2007___05-02-2006___01-16-2007___04-09-2013___10-4-2011___05-18-2009___04-28-2008___12-01-2005___10-18-2009___03-09-2010___02-24-2009___12-20-2011___12-26-2009___09-2003___02-08-2011___04-08-2013___05-11-2010___09-10-2007___04-26-2005___03-16-2004___03-22-2004___09-10-2007___05-10-2011___02-25-2011___10-27-2008___02-27-2007___12-06-2011___12-05-2006	10-4-2011___09-2003	0.022222222	0
http://ru.wikipedia.org/wiki/%D0%9D%D0%B0%D1%81%D0%B5%D0%BB%D0%B5%D0%BD%D0%B8%D0%B5_%D0%9B%D0%B0%D1%82%D0%B2%D0%B8%D0%B8		???????????????????????? ???????????? ?€?????????????? ????????????	7	%	4,25%___7,83%___5,61%___3,99%___3,56%___1,63%___4,55%___2,43%___0,44%___0,67%___3,48%___1,45%___5,82%___4,16%___1,03%___6,20%___2,79%___16,27%___0,67%___0,76%___1,09%___3,82%___1,15%___2,61%___1,46%___1,21%___3,45%___1,34%___0,74%___2,07%___2,04%___1,93%___0,81%"	"16,27%"	0.03030303	0
http://fr.wikipedia.org/wiki/Liste_des_joueurs_du_KSK_Tongres	Joueurs du KSK Tongres dont le nom commence par C	C	3	Date de naissance	7/09/1961___26/04/1946___3/02/1993___17/03/1977___13/07/1978___19/06/1991___15/02/1969___22/06/1976___?___25/03/1961___9/01/1995___10/07/1991___3/09/1957___16/07/1981___7/12/1984___19/03/1985___6/11/1956___2/04/1984___29/09/1966___19/10/1974___3/05/1965___24/06/1957___31/07/1975___5/04/1948___23/11/1955___16/02/1980___11/11/1974___12/05/1982___8/08/1990___19/04/1985___23/11/1974___5/05/1967___4/04/1985___11/09/1986___29/11/1939___2/09/1963___26/06/1984___12/11/1971___28/09/1947___15/04/1959___15/06/1966	?	0.024390244	1
